"t","x","y","experiment"
0.0,10.0,2.0,"exp2"
0.014295939427821239,9.596412579838157,2.610559976031124,"exp2"
0.021958614269575343,9.278456969970627,2.9940481816501237,"exp2"
0.03425774897413801,8.618518587428953,3.6869955939780503,"exp2"
0.04546290761997132,7.870981106968537,4.38684036007236,"exp2"
0.05906614859567442,6.823100741739379,5.2865446111832215,"exp2"
0.07428336426768635,5.566769704703052,6.287454007571663,"exp2"
0.09330093603499465,4.060524533439917,7.404497206496898,"exp2"
0.10794632818739132,3.061153807597623,8.095538674554199,"exp2"
0.12402243296779178,2.1776721334288465,8.661035982596648,"exp2"
0.13956200446168696,1.5334000275674389,9.02910589317601,"exp2"
0.15631912602266448,1.0347577986882202,9.264747202587275,"exp2"
0.1744187655852382,0.6703266622035131,9.379310591419777,"exp2"
0.19028346142473232,0.45680697798542635,9.396188554580107,"exp2"
0.20656344653337122,0.3083715147703266,9.35880989599131,"exp2"
0.22209395764143589,0.2125116731036688,9.288537275733946,"exp2"
0.23766879591039514,0.14685849756849328,9.195712585908385,"exp2"
0.2530001967282252,0.10254460288842446,9.09010815722828,"exp2"
0.2683487937625709,0.07193819484411927,8.975394839785373,"exp2"
0.2836689244820316,0.05077346306950151,8.855394217048229,"exp2"
0.29906412908242264,0.03597649010541405,8.731640068508579,"exp2"
0.31454998393739586,0.025588257946523085,8.60558163108991,"exp2"
0.3301821774855191,0.018249423142232657,8.47785282604848,"exp2"
0.3459915371625482,0.013044784265111426,8.348965821359089,"exp2"
0.36202119825611156,0.009338875765602923,8.219121088110482,"exp2"
0.378309937262911,0.006692234500175974,8.088417521192067,"exp2"
0.39490446728615475,0.0047969650958297385,7.956803575048068,"exp2"
0.41185692580074534,0.0034368590031245974,7.824134370627748,"exp2"
0.4292309828599399,0.002459087334653884,7.69015136132956,"exp2"
0.44710417790627816,0.0017552923750561694,7.55448807419577,"exp2"
0.46557314773144726,0.0012483478688926864,7.416652155667829,"exp2"
0.4847581165684954,0.0008832127777025395,7.276014482907411,"exp2"
0.504808540007023,0.0006204960842578562,7.131792756582641,"exp2"
0.5259089145840756,0.00043193061288042704,6.983039021304943,"exp2"
0.5482856589616402,0.0002971639684877072,6.828626648542444,"exp2"
0.5722154663031299,0.0002014816081559356,6.66723705590616,"exp2"
0.5980365070724837,0.0001341898248504059,6.497341132185295,"exp2"
0.6261641156625517,8.747121385897064e-5,6.317171491139008,"exp2"
0.6571134460567547,5.5577912825964766e-5,6.124680384579609,"exp2"
0.6915325678133991,3.426528917761585e-5,5.917478785594427,"exp2"
0.7302514176887267,2.039466652053071e-5,5.692751459245521,"exp2"
0.7743553888654634,1.1653062571109557e-5,5.447142144372002,"exp2"
0.8252986056046568,6.352474888370747e-6,5.176601528587577,"exp2"
0.8850837769241143,3.282358254362188e-6,4.8761898794824505,"exp2"
0.9565591681859045,1.5973305868178068e-6,4.53982792161827,"exp2"
1.0439330799670201,7.284512653788209e-7,4.1600014916893855,"exp2"
1.1537136740698193,3.110858983833152e-7,3.727490017643684,"exp2"
1.29638465881788,1.2575621553998114e-7,3.231882278409069,"exp2"
1.4845703883000625,5.102321898887608e-8,2.677494095490758,"exp2"
1.700601204112771,2.543406231004838e-8,2.1572951986900373,"exp2"
1.9404403449283427,1.6681403474873664e-8,1.697275237924509,"exp2"
2.201248231324459,1.4701402899173484e-8,1.307646283441009,"exp2"
2.4798786611493955,1.7254814127227682e-8,0.9896697625845969,"exp2"
2.773583341447228,2.6231078452976333e-8,0.7378126487206081,"exp2"
3.0797920920227644,4.976099137339085e-8,0.5432177115945537,"exp2"
3.3963224984836975,1.132335641558183e-7,0.39584167765114775,"exp2"
3.721284019014213,2.97826929279375e-7,0.2860288155233691,"exp2"
4.053104151850029,8.768020237825278e-7,0.20526811945769652,"exp2"
4.390394027536708,2.8130287160674285e-6,0.14650748101843056,"exp2"
4.7309898683463345,9.59274816730347e-6,0.10422324235532007,"exp2"
5.062868240830728,3.283025609149249e-5,0.07479219080825152,"exp2"
5.310399579627875,8.38841973394625e-5,0.058394312175605596,"exp2"
5.514363759444661,0.0001834019019835047,0.04762270180187635,"exp2"
5.703306158006675,0.0003806569357187019,0.03942781078662904,"exp2"
5.869395253111949,0.0007260376278976474,0.03340017082295037,"exp2"
6.021193961356233,0.0013133129283570055,0.028704779189799273,"exp2"
6.160027886887328,0.002262498918539319,0.024995965868075044,"exp2"
6.289584636911937,0.003763670285466238,0.021975363259791172,"exp2"
6.411610375437056,0.006084696966727981,0.01947390172833206,"exp2"
6.527933339215979,0.009626620389472623,0.017366586550337387,"exp2"
6.639721156530224,0.014970314912282998,0.015571860443777135,"exp2"
6.747973674339936,0.022970099791156905,0.014030838498845625,"exp2"
6.853414544155007,0.034871091121635084,0.012702862944938416,"exp2"
6.95663061753472,0.052494160775760246,0.011559453333882449,"exp2"
7.058071213655184,0.07849507819258626,0.010582186564204663,"exp2"
7.158096143742232,0.11674917253318062,0.009761256043685843,"exp2"
7.256987428192873,0.17290516565106004,0.009095755440060435,"exp2"
7.35496667274055,0.2551905196033967,0.00859556910259293,"exp2"
7.452191985038939,0.3755541327588179,0.008286179964393953,"exp2"
7.548711983340183,0.5511733713936137,0.008218856301202074,"exp2"
7.644224371504301,0.8056641839665033,0.008490755545245029,"exp2"
7.737301188085543,1.1661547180813208,0.009275490900791834,"exp2"
7.82421114025422,1.6466177531699442,0.010832448901993762,"exp2"
7.9006414470226956,2.229270254576465,0.013465516301086526,"exp2"
7.959866532873606,2.8175962006168134,0.017089568591388205,"exp2"
8.010726905226305,3.443028360587693,0.02230881420614804,"exp2"
8.058123642084686,4.146384202792719,0.030456159263558838,"exp2"
8.100312881128918,4.8862784154045995,0.04270655234786422,"exp2"
8.13862875142769,5.662124921566786,0.061529357715982586,"exp2"
8.173187918758712,6.451401470662153,0.09029229087776273,"exp2"
8.204653016154236,7.240781986013813,0.1345622626340351,"exp2"
8.233390933619946,8.007685517475831,0.20260876877095765,"exp2"
8.259814767462798,8.725503649452847,0.3070377846186564,"exp2"
8.284405498057163,9.360865192191607,0.4674621911579348,"exp2"
8.30765698254363,9.865227148715709,0.7144870260869257,"exp2"
8.330212472704533,10.164589261594623,1.098450552101506,"exp2"
8.353206274700646,10.129440732695578,1.7144692736208955,"exp2"
8.377978867148844,9.506617630315553,2.727942566584032,"exp2"
8.397415483705476,8.503450957714065,3.8023194339123965,"exp2"
8.417509908733939,7.0508157560296345,5.099735458517064,"exp2"
8.437890530654448,5.373754558731189,6.437926449262255,"exp2"
8.460289158306901,3.648952468665015,7.696931491233418,"exp2"
8.477071639793937,2.5998415186031663,8.399864309932832,"exp2"
8.495080936324694,1.7485508455169736,8.914420885649074,"exp2"
8.51238475386602,1.1699252405599403,9.209627819224616,"exp2"
8.531246294529621,0.745572106087626,9.364517377926225,"exp2"
8.548238331950811,0.49454492391363525,9.400034039739886,"exp2"
8.565029629073091,0.3296187234175827,9.370515079905053,"exp2"
8.581126896323507,0.2239501627495427,9.302356404520244,"exp2"
8.597041230583732,0.1534189429329525,9.209953438010603,"exp2"
8.612685139685025,0.10627545842909322,9.103472827672606,"exp2"
8.628248572249676,0.07414203848759209,8.987805486788247,"exp2"
8.643749146190572,0.05208599070063587,8.86670640862784,"exp2"
8.659276204883833,0.0367792508865656,8.742022033744647,"exp2"
8.674867379094879,0.026086548820646455,8.61513320101044,"exp2"
8.690577747997795,0.01856533679060883,8.486734661845617,"exp2"
8.706446929035542,0.013248336349066109,8.357295952955011,"exp2"
8.722519879792026,0.00947234505216677,8.227017307848262,"exp2"
8.738839361173683,0.006781049709323772,8.095972184452284,"exp2"
8.755453703897395,0.004856900159644602,7.964098733334757,"exp2"
8.772416941340994,0.0034777897220572293,7.831237397229243,"exp2"
8.789793672462688,0.002487333399268288,7.6971214319422305,"exp2"
8.80766218574628,0.0017749521254958687,7.561376835097417,"exp2"
8.826119348478475,0.001262124620539646,7.423507146292329,"exp2"
8.84528534109851,0.0008929133411826957,7.282880636346639,"exp2"
8.865309208865717,0.000627344700145835,7.138714441449492,"exp2"
8.886374742127254,0.0004367667419264053,6.99006132228191,"exp2"
8.908707307603416,0.00030057013488780536,6.835796687417872,"exp2"
8.93258217230706,0.00020386669761855348,6.674605078606745,"exp2"
8.95833559943245,0.0001358441553869656,6.504961733960873,"exp2"
8.986380381738849,8.860316244811733e-5,6.325105012553862,"exp2"
9.017228244080664,5.633844937884947e-5,6.132994700082504,"exp2"
9.051522560519265,3.476449580575032e-5,5.926251591359654,"exp2"
9.090086715518657,2.0712963124418313e-5,5.702073244046078,"exp2"
9.133996760200278,1.1848949012002596e-5,5.457120013139835,"exp2"
9.184693153211768,6.468002345711488e-6,5.187364095072658,"exp2"
9.244157990310592,3.347129992966367e-6,4.887893410507101,"exp2"
9.315207256543292,1.6315482668047335e-6,4.552663747649936,"exp2"
9.401996329393318,7.453236885601634e-7,4.174203932631575,"exp2"
9.510942093984525,3.1877847353875114e-7,3.743339575976507,"exp2"
9.652377543783915,1.2896285137550726e-7,3.2496369619280268,"exp2"
9.839163205764777,5.2160140017021276e-8,2.6959748624743045,"exp2"
10.054635639729112,2.5761981824968665e-8,2.1733985285156745,"exp2"
10.293629243051518,1.6739273483469842e-8,1.7113908883176134,"exp2"
10.553907255233446,1.460914259185965e-8,1.3192201862401016,"exp2"
10.831976362592114,1.699269307256947e-8,0.998989686025886,"exp2"
11.125273315418392,2.5631052793374955e-8,0.7450643771760088,"exp2"
11.43111063799921,4.8303318268674835e-8,0.5487605133426015,"exp2"
11.74735483853999,1.0933876571672873e-7,0.399995104763553,"exp2"
12.072072866701486,2.8638834891321936e-7,0.2891003536575382,"exp2"
12.403701461719368,8.404446464025859e-7,0.20751211556236612,"exp2"
12.74084187255738,2.6899229236605397e-6,0.14813121933831291,"exp2"
13.081426913807087,9.160063415641706e-6,0.10537946529791586,"exp2"
13.414191085338937,3.142144485512467e-5,0.07555496658007635,"exp2"
13.66395125086532,8.092258182892318e-5,0.05885850020230182,"exp2"
13.869326640320285,0.00017783973469253153,0.04793351398099169,"exp2"
14.059579888502984,0.0003709249378449175,0.03963307014407294,"exp2"
14.226612734581964,0.000710007132161626,0.03354227335520173,"exp2"
14.379156512233449,0.0012879782266737216,0.028805299075066827,"exp2"
14.518541812290728,0.0022235636837899878,0.025069498515589643,"exp2"
14.648521924512043,0.0037049575516646723,0.022030460212522238,"exp2"
14.770869244705848,0.0059972494713105475,0.019516165931322566,"exp2"
14.887441149507978,0.009497456334554285,0.017399578068298067,"exp2"
14.999421955639894,0.01478055978399593,0.015597954391669245,"exp2"
15.10782557511669,0.022692318570256262,0.014051602280831625,"exp2"
15.213385109682223,0.034465364804824906,0.012719331112020886,"exp2"
15.31669486251986,0.05190240788236411,0.011572269768931016,"exp2"
15.418209581420264,0.07763276664620239,0.010591690473210937,"exp2"
15.518293317043145,0.11549328274260691,0.009767512131842349,"exp2"
15.617231350948025,0.1710767061709138,0.009098536598442748,"exp2"
15.715248011508596,0.252529354795792,0.008594272703751548,"exp2"
15.812504229458739,0.3716838350067221,0.008279633242706938,"exp2"
15.90905388809428,0.5455590802673564,0.008204910340529491,"exp2"
16.00461207402931,0.7976071064598717,0.008465531137075202,"exp2"
16.097796886627446,1.1549985497381026,0.00923247837123195,"exp2"
16.185001267737984,1.6327950641038957,0.01076446499186222,"exp2"
16.26167835826537,2.21276277094955,0.01335934374509209,"exp2"
16.321160372907254,2.7996386338526826,0.016937555268219266,"exp2"
16.37222444865757,3.4239278200544243,0.022092086887088414,"exp2"
16.419809582053464,4.126583495208838,0.030141673141709926,"exp2"
16.46215469651329,4.866130930842347,0.042246728100673536,"exp2"
16.500603244014695,5.64202145390262,0.06084942475070455,"exp2"
16.53527150778035,6.43170151063099,0.08927909324181313,"exp2"
16.566826062970147,7.221893137095532,0.13304070070398955,"exp2"
16.595639914446792,7.990214433612895,0.20032362521433045,"exp2"
16.62212235912164,8.710076944179287,0.30358864923492623,"exp2"
16.64675726846993,9.348444262331572,0.4622397795234642,"exp2"
16.670036409680947,9.857222855587981,0.7065191690457053,"exp2"
16.692597879811913,10.1633104237215,1.0860831675798186,"exp2"
16.715551103682568,10.1394507490475,1.6941355606807569,"exp2"
16.74061343856611,9.522405779726707,2.7121648907153126,"exp2"
16.760025211339038,8.527856515464464,3.7816741369748312,"exp2"
16.78017574322132,7.075824452100621,5.081359300816494,"exp2"
16.800509920718483,5.402488943248336,6.41843375264466,"exp2"
16.82303436186089,3.663865054780869,7.688883890362911,"exp2"
16.839729995655567,2.6161316586450307,8.391723052041574,"exp2"
16.857733650278625,1.7603115014997808,8.910098201040672,"exp2"
16.87498458210134,1.1794327365826063,9.207628628256357,"exp2"
16.893802075556696,0.7524512103885287,9.364992012139892,"exp2"
16.910810809564662,0.49887004811560093,9.4023069769526,"exp2"
16.927583328907115,0.3326039020852082,9.373950565265465,"exp2"
16.943680221057107,0.22593878071979587,9.306503312166798,"exp2"
16.959584137108482,0.15478698313201347,9.214605451263285,"exp2"
16.975222417953955,0.10721306160765257,9.108433563689275,"exp2"
16.99077706192476,0.0747936342945321,8.992987890785429,"exp2"
17.00626975872711,0.05254033892955569,8.872030447243583,"exp2"
17.02178761946206,0.03709843806513594,8.747448451154954,"exp2"
17.037369369529348,0.026311684909548695,8.620629380584305,"exp2"
17.05306941818219,0.018724874970466335,8.492283451808966,"exp2"
17.06892762025147,0.013361762938859784,8.362884868504352,"exp2"
17.084988650240568,0.009553239878948136,8.232640467487226,"exp2"
17.101295204566558,0.006838884788382322,8.101626965054601,"exp2"
17.117895356200233,0.004898337235996982,7.969786205494458,"exp2"
17.13484288415519,0.003507528227090567,7.836961447288879,"exp2"
17.152202006277623,0.0025087039636726566,7.702889059391366,"exp2"
17.17005054640162,0.0017903218406615554,7.567198162354568,"exp2"
17.188484774174288,0.001273180781413839,7.4293957941498245,"exp2"
17.207624141876046,0.000900861448452418,7.288854007610093,"exp2"
17.227616811337743,0.0006330481590172514,7.144794066492816,"exp2"
17.248645520034387,0.0004408456114594763,6.996273132131552,"exp2"
17.27093437672521,0.00030347126621200734,6.842171300278426,"exp2"
17.294757129655387,0.00020591355413424566,6.6811781396496555,"exp2"
17.320448165987486,0.0001372721527622274,6.51177443336917,"exp2"
17.348417896584145,8.958462907254499e-5,6.332204888094562,"exp2"
17.379174933295904,5.700017570532612e-5,6.140436843950001,"exp2"
17.413358468837487,3.520003732457403e-5,5.934100369799382,"exp2"
17.451786122647025,2.099128333302759e-5,5.710404654233618,"exp2"
17.495525786297016,1.2020551881399678e-5,5.466024820762876,"exp2"
17.546006039107322,6.569372636536956e-6,5.196951919471925,"exp2"
17.605191116454456,3.404048264854487e-6,4.898297907936018,"exp2"
17.675869105809888,1.6616582816212424e-6,4.564048894876108,"exp2"
17.762149751395437,7.60189054916097e-7,4.186770773065802,"exp2"
17.870371377573115,3.2556260803500506e-7,3.7573290875118515,"exp2"
18.010736291609252,1.3179238120533796e-7,3.2652750808215676,"exp2"
18.196278265614264,5.3165424495713263e-8,2.7123195923462076,"exp2"
18.411262665460548,2.604603850188302e-8,2.187642330998488,"exp2"
18.649510658726918,1.6785422265006083e-8,1.7238914827701457,"exp2"
18.90932317789462,1.4523793491312152e-8,1.3294747937593787,"exp2"
19.18689731788548,1.6759524446383355e-8,1.0072533376178516,"exp2"
19.47983532727615,2.5104866001287684e-8,0.7514971415550011,"exp2"
19.78534510944473,4.70365415770696e-8,0.5536796551066283,"exp2"
20.101337095670974,1.0597551386420824e-7,0.40368244216392357,"exp2"
20.42584037831548,2.765573212747539e-7,0.2918280334196014,"exp2"
20.757300054923963,8.093053934631999e-7,0.2095053641749071,"exp2"
21.0943080342317,2.5847500909354537e-6,0.14957387327141,"exp2"
21.43487611820253,8.790702180267433e-6,0.10640754660510822,"exp2"
21.768384119419515,3.021106000665414e-5,0.07623535998600134,"exp2"
22.020161976390323,7.836476782829496e-5,0.059268814287188845,"exp2"
22.22680907286749,0.0001730194348771818,0.04820627402429676,"exp2"
22.418245126511433,0.0003624703343451383,0.03981140942067566,"exp2"
22.586128132998173,0.0006960613084363361,0.03366447979788245,"exp2"
22.739342690561244,0.0012659237117145692,0.028890742374548004,"exp2"
22.879223763349565,0.002189663243610689,0.025131246977930906,"exp2"
23.00958419751883,0.0036538427671632128,0.02207613290351264,"exp2"
23.132220127245397,0.005921138719695154,0.01955073521447312,"exp2"
23.249015279311504,0.009385076136147245,0.017426187650995136,"exp2"
23.361169033203897,0.014615522780322687,0.015618691589046201,"exp2"
23.469707982152446,0.02245080950517556,0.014067836486931853,"exp2"
23.575373735934132,0.03411273569222947,0.012731959841838092,"exp2"
23.678767300567277,0.05138825160850054,0.011581845628138507,"exp2"
23.7803483018519,0.07688372562110206,0.010598497947956352,"exp2"
23.880484596705745,0.11440260542381472,0.009771594789453032,"exp2"
23.97946439018379,0.16948907542302982,0.009099682504115403,"exp2"
24.07751444128512,0.25021903811598734,0.008591941823695373,"exp2"
24.174798166329936,0.36832413151398613,0.008272788447323985,"exp2"
24.271373974040728,0.540685399848809,0.00819166482216724,"exp2"
24.36697171209625,0.7906100285201426,0.008442490027642729,"exp2"
24.460249174895075,1.145297200997343,0.009193933847447973,"exp2"
24.54771149904378,1.6207593655512162,0.010704070445883633,"exp2"
24.624605181422965,2.198376503287996,0.013265551125020493,"exp2"
24.68431333452024,2.7839813186622244,0.01680361101662863,"exp2"
24.735556608598127,3.4072688321466185,0.021901476191376668,"exp2"
24.783307464975188,4.109311422015185,0.029865441106263883,"exp2"
24.8257896223403,4.848556088645247,0.04184320991232201,"exp2"
24.86435476208727,5.6244869877601555,0.060253122193579235,"exp2"
24.899118833747103,6.414522867193631,0.08839089323659204,"exp2"
24.930751895141707,7.20542777697201,0.13170722685802994,"exp2"
24.959632333160705,7.974994159830802,0.1983210826635764,"exp2"
24.98616611888967,8.696651030459815,0.30056620330756284,"exp2"
25.01083967375687,9.337655316155434,0.4576635394955418,"exp2"
25.034142956230493,9.850306525035657,0.6995381928297518,"exp2"
25.05670962817435,10.162284642139477,1.0752535323301475,"exp2"
25.079627949036364,10.148270353040534,1.6763754081685147,"exp2"
25.104961515642817,9.53589492438093,2.6990939768031206,"exp2"
25.124348667792848,8.548701919853118,3.764366272322564,"exp2"
25.14455240512546,7.096673951396038,5.066401565667216,"exp2"
25.16484888489828,5.426275729314228,6.402648939854308,"exp2"
25.187480944380177,3.6758663386302404,7.682811727716295,"exp2"
25.204100522103396,2.629565306121049,8.385354465676846,"exp2"
25.22209887778639,1.770009896430206,8.90687392520705,"exp2"
25.239304202595978,1.1873256017294627,9.206289020019783,"exp2"
25.25808469378484,0.7581671053752763,9.365698384453644,"exp2"
25.275105921390807,0.5024692696262674,9.404509771953572,"exp2"
25.29186207719436,0.33509026678134446,9.377120097898533,"exp2"
25.307957712673254,0.2275963370511414,9.310267749062103,"exp2"
25.32385222689272,0.15592775529270436,9.218791984708572,"exp2"
25.339485058176347,0.10799514017670286,9.112879248362153,"exp2"
25.355031695007604,0.07533722549797778,8.99761963101911,"exp2"
25.370517142285394,0.052919400892759934,8.876781537427034,"exp2"
25.386026678216535,0.03736472965505029,8.752285877636671,"exp2"
25.40159991522044,0.02649949713244352,8.625525846204292,"exp2"
25.417290709064257,0.018857947452992612,8.49722449084101,"exp2"
25.433139103117114,0.01345635766061952,8.367859969185435,"exp2"
25.449189535616373,0.009620690613815293,8.237644613043997,"exp2"
25.465484645367706,0.006887097245283953,8.106657873616557,"exp2"
25.482072289649746,0.0049328713754015876,7.974844667426494,"exp2"
25.499006033995034,0.0035323059584353965,7.842050595957863,"exp2"
25.516349778344505,0.0025265045405433216,7.7080146068271365,"exp2"
25.53418095907466,0.0018031201992904802,7.572368403371328,"exp2"
25.552595347993066,0.0012823844340104518,7.43462191154745,"exp2"
25.571711790685555,0.0009074757969673526,7.294150303873471,"exp2"
25.591677712746804,0.0006377931233645306,7.150178246445027,"exp2"
25.61267497381791,0.0004442380642667494,7.00176652580645,"exp2"
25.634926633610117,0.0003058835773735419,6.847799095339944,"exp2"
25.65870517393657,0.00020761517254692688,6.686969655652851,"exp2"
25.684343418383662,0.00013845910084941894,6.5177635401809075,"exp2"
25.712249794226985,9.04003341249875e-5,6.338430655772533,"exp2"
25.742930323542794,5.755011571743331e-5,6.14694452209552,"exp2"
25.777020724473918,3.5562007718824165e-5,5.940942784626244,"exp2"
25.815333831693994,2.1222608158388105e-5,5.717644123783245,"exp2"
25.858930773186458,1.2163198590306375e-5,5.473735703187708,"exp2"
25.909230294364004,6.653653333169126e-6,5.205223927078066,"exp2"
25.96818186652916,3.451380582795501e-6,4.907240304479058,"exp2"
26.038550552012214,1.6867013727198528e-6,4.573795570043515,"exp2"
26.12440849720738,7.725527997911188e-7,4.197485666798355,"exp2"
26.232029402444525,3.3120255103373197e-7,3.7692084956709966,"exp2"
26.3715074906903,1.3414139675544319e-7,3.2785049027342175,"exp2"
26.555998964719283,5.3997589402615164e-8,2.7261711922114293,"exp2"
26.77057487612623,2.627287104670859e-8,2.1997127212851293,"exp2"
27.008196671951467,1.681477705708781e-8,1.7344887206798014,"exp2"
27.26761864542247,1.4443665144541444e-8,1.3381698293493378,"exp2"
27.544776845155024,1.6555350474879388e-8,1.0142626269512398,"exp2"
27.837413345279128,2.465414144744793e-8,0.7569547716161897,"exp2"
28.142647783873198,4.5964639295519064e-8,0.5578541713718524,"exp2"
28.458427779717073,1.0315204963104708e-7,0.4068122229109057,"exp2"
28.782750494684787,2.683498443373707e-7,0.2941436715849022,"exp2"
29.11406812009466,7.834113467220783e-7,0.21119775244395717,"exp2"
29.450964396768143,2.4975393394250503e-6,0.15079895973900548,"exp2"
29.79151408693154,8.48478808087902e-6,0.10728103792192242,"exp2"
30.125628769667653,2.9203457308620572e-5,0.076814559360067,"exp2"
30.379164638326056,7.622565618518377e-5,0.05961420331296553,"exp2"
30.586915287040288,0.00016897610273624257,0.04843367498369132,"exp2"
30.77937884952705,0.00035536329131202163,0.039958071359354204,"exp2"
30.947999284211654,0.0006843240629274586,0.03376351069660259,"exp2"
31.10179533011885,0.0012473515400429085,0.028958785853087646,"exp2"
31.242105676090183,0.0021611114497489927,0.02517949732180719,"exp2"
31.372795129983686,0.0036107976473323308,0.02211107890190419,"exp2"
31.495680506427714,0.005857059998786921,0.019576591018536794,"exp2"
31.61266846697034,0.009290492061615904,0.017445600435647083,"exp2"
31.72497148090318,0.014476667577638888,0.015633407312583142,"exp2"
31.833627150138142,0.022247681186273405,0.014078990576707008,"exp2"
31.939384460900328,0.033816237114436744,0.012740287906752464,"exp2"
32.04285022577078,0.05095605498194396,0.011587791739923949,"exp2"
32.144488292276144,0.07625423496248532,0.010602279904669833,"exp2"
32.24466980890066,0.11348618908171816,0.009773227007397585,"exp2"
32.34368550541658,0.1681553278444037,0.009098963386115376,"exp2"
32.44176423248378,0.2482784296211427,0.008588391980942736,"exp2"
32.53907152072093,0.36550231782188547,0.0082655075040592,"exp2"
32.63566955024955,0.536591977653036,0.008179033208766506,"exp2"
32.73130033974146,0.7847312039601388,0.008421609961025289,"exp2"
32.824654815217635,1.1371372829228485,0.009159930951860247,"exp2"
32.91233552289388,1.610625219061284,0.01065147349380687,"exp2"
32.989412888592526,2.186254771466028,0.013184526221536708,"exp2"
33.04931325075684,2.7707842426906577,0.01668832814288667,"exp2"
33.100708745517956,3.393224758074937,0.021737847674416912,"exp2"
33.14860036547286,4.0947502902274,0.029628731555071487,"exp2"
33.1911988551577,4.833741536188615,0.041497852452312696,"exp2"
33.2298629110446,5.609710815409352,0.05974318045660075,"exp2"
33.26470819799868,6.400053531546186,0.08763172946971987,"exp2"
33.29640774098226,7.191569824650378,0.13056784652050551,"exp2"
33.325344503552685,7.962200811126782,0.19661009187190465,"exp2"
33.351921630083176,8.685391569972595,0.2979837981560022,"exp2"
33.37662770268326,9.32864972143773,0.45375335190820965,"exp2"
33.39995113873124,9.844610601752189,0.6935734881660435,"exp2"
33.422521846001786,10.161619850418342,1.066003846163668,"exp2"
33.44541041443852,10.155986817727054,1.661236891531695,"exp2"
33.470990133178496,9.547254056213802,2.6885628267004624,"exp2"
33.49035348502328,8.566180738236184,3.750238665558089,"exp2"
33.51060578648561,7.1136999413199895,5.054597090488532,"exp2"
33.5308720005888,5.445538228117961,6.390264509254657,"exp2"
33.55359284151045,3.68535632102686,7.678444136524432,"exp2"
33.57014810928403,2.6403861296618087,8.380613303768417,"exp2"
33.588141506277864,1.777816625841624,8.904663623509911,"exp2"
33.60530859166607,1.1937101000988992,9.205575582161787,"exp2"
33.62405861739814,0.7627916944581803,9.366634980474199,"exp2"
33.64108867200404,0.5053854336564356,9.406658320190713,"exp2"
33.657830803822115,0.33710585766663465,9.38005135865563,"exp2"
33.67392448269132,0.2289408667285427,9.313682978365074,"exp2"
33.68981060702059,0.15685332104936522,9.222550395456233,"exp2"
33.705438217837425,0.1086297998184676,9.11684924409562,"exp2"
33.720977615408465,0.07577836340473024,9.001741536776853,"exp2"
33.73645643124433,0.05322700791237794,8.881001277881467,"exp2"
33.75195847836709,0.03758079786060668,8.756576470494254,"exp2"
33.767524068134136,0.02665186123154819,8.629865086153636,"exp2"
33.78320661064472,0.018965879400300582,8.501600530129128,"exp2"
33.79904629413886,0.013533061079766142,8.372264215280245,"exp2"
33.815087364165755,0.009675367626433567,8.242072921316131,"exp2"
33.831372408828734,0.00692616641958513,8.111108331717592,"exp2"
33.84794910868807,0.004960846250880506,7.979317849140269,"exp2"
33.86487085367409,0.0035523698266661024,7.846548972237264,"exp2"
33.882201284138695,0.002540912781809814,7.712542727429649,"exp2"
33.90001752021148,0.0018134751140950409,7.576932896968285,"exp2"
33.918414927913915,0.0012898276589798745,7.439231726778485,"exp2"
33.93751185824128,0.000912822575933392,7.2988168928698975,"exp2"
33.957455136451685,0.0006416270218364497,7.154915788905379,"exp2"
33.978425905973026,0.0004469779048875113,7.006592104935818,"exp2"
34.000646370251715,0.00030783096797443746,6.852732880209282,"exp2"
34.02438797724074,0.00020898825732435867,6.692035115518492,"exp2"
34.04998227446253,0.00013941649672090633,6.522987772202125,"exp2"
34.077836071479304,9.10580342222485e-5,6.343844895696435,"exp2"
34.108453280421024,5.7993372248760535e-5,6.152584915635768,"exp2"
34.14246679202961,3.585366073764107e-5,5.946851488888596,"exp2"
34.18068555251987,2.1408934464673768e-5,5.7238708168972,"exp2"
34.224165200806176,1.227805900109104e-5,5.480339590662845,"exp2"
34.27431651283681,6.721492342775266e-6,5.212276345781392,"exp2"
34.333077012848776,3.489462264658347e-6,4.914828010280093,"exp2"
34.403193160887675,1.7068375231049764e-6,4.582024692519449,"exp2"
34.488706779708565,7.824842296496069e-7,4.2064858947820865,"exp2"
34.59583953236141,3.357251345313578e-7,3.7791347503121,"exp2"
34.734598289412034,1.3601879101240822e-7,3.289504235166591,"exp2"
34.918225104585346,5.4657421283063194e-8,2.737683457635377,"exp2"
35.13246588444321,2.6443120433745726e-8,2.2097421709821106,"exp2"
35.36957437296444,1.682700078536015e-8,1.7432914759091718,"exp2"
35.62867586660452,1.4367237076342615e-8,1.3453922115899624,"exp2"
35.905492766571605,1.637628966200063e-8,1.0200847969403837,"exp2"
36.19788173897309,2.426937348557003e-8,0.7614883067703784,"exp2"
36.50289011798657,4.506264960359189e-8,0.5613220735570705,"exp2"
36.81849602248289,1.0079723096875469e-7,0.40941240047229,"exp2"
37.142670440887194,2.615461765783423e-7,0.2960675915659535,"exp2"
37.47387137540996,7.620370823161589e-7,0.21260393233795874,"exp2"
37.810675738360864,2.4257666009676967e-6,0.151816935937763,"exp2"
38.1512083379932,8.233397054633447e-6,0.10800707812358096,"exp2"
38.48581498398124,2.8372200753352058e-5,0.07729638092383206,"exp2"
38.74085839975374,7.445396410090957e-5,0.059897759381091,"exp2"
38.94955204849754,0.00016561874245503373,0.048618146766232745,"exp2"
39.14289439269684,0.0003494512198934488,0.040074978966056184,"exp2"
39.312144670793046,0.0006745503166129781,0.03384090737930226,"exp2"
39.466437088983085,0.0012318790780323139,0.02901068102150862,"exp2"
39.60711348117894,0.0021373223970050995,0.02521528172593788,"exp2"
39.7380832643962,0.003574937030459263,0.022136160678152952,"exp2"
39.861180987712494,0.005803688697997075,0.019594462621511956,"exp2"
39.978332961325215,0.009211735443171014,0.01745843862969068,"exp2"
40.090762854055974,0.014361082873267848,0.015642635735826672,"exp2"
40.19951767767389,0.022078644204400734,0.014085524326940607,"exp2"
40.30535271656374,0.03356956658234593,0.012744710274098545,"exp2"
40.408879737348464,0.050596576876939726,0.011590444507625747,"exp2"
40.5105661863858,0.07573076612826898,0.010603317428829237,"exp2"
40.61078601603087,0.11272425292090106,0.009772634679365582,"exp2"
40.70983210408968,0.16704656997248893,0.009096546260549506,"exp2"
40.807935075524156,0.2466653670265029,0.008583722151155639,"exp2"
40.90526223750716,0.36315696663288727,0.008257803198704594,"exp2"
41.00187888589735,0.5331897268382786,0.008166907859849474,"exp2"
41.097537003972526,0.779843713792028,0.008402600567043539,"exp2"
41.19095491466577,1.130347270997355,0.009129897473899634,"exp2"
41.27878110666446,1.6019484774457453,0.010604848823293333,"exp2"
41.356023706030065,2.1759306283468636,0.013113576370330966,"exp2"
41.416086956204154,2.759519118789491,0.016587612440043552,"exp2"
41.467613571234914,3.381239233557675,0.021595310477322778,"exp2"
41.515625526810396,4.082314822137778,0.02942278231132202,"exp2"
41.5583238541611,4.821089896583766,0.041197708956310475,"exp2"
41.59707261863201,5.5970912880307635,0.05930021455149212,"exp2"
41.63198749456107,6.387699882320742,0.08697248818464981,"exp2"
41.663743929316375,7.179745076483866,0.12957851730093076,"exp2"
41.69272886492065,7.951298084682137,0.1951242073106481,"exp2"
41.71934297768219,8.67581889433227,0.29574072723602773,"exp2"
41.744076700628035,9.321033312438226,0.450356223698232,"exp2"
41.76741710107222,9.839868747102106,0.6883907421730012,"exp2"
41.78999083842987,10.16124763134616,1.057968120294408,"exp2"
41.81285343164291,10.162876207598353,1.6481057994850548,"exp2"
41.838659105657946,9.557007686768314,2.679946877759242,"exp2"
41.85799931206569,8.581114642139706,3.7385145240952404,"exp2"
41.87829632078998,7.127853030192702,5.04515822648869,"exp2"
41.89853762323924,5.46141309725433,6.380422578950292,"exp2"
41.921332314412425,3.693024262554261,7.6753063316281205,"exp2"
41.937832873999916,2.6492467639760813,8.377088442587922,"exp2"
41.95582161656562,1.784201198822403,8.903211271788214,"exp2"
41.9729563044852,1.1989493787413987,9.205334614782243,"exp2"
41.99168083785133,0.7665856944243663,9.367744962654328,"exp2"
42.008717060167726,0.5077808142214446,9.408763263672636,"exp2"
42.02544699803289,0.3387619234836671,9.382798780354316,"exp2"
42.04153825592839,0.23004608862323353,9.316829239719588,"exp2"
42.057416800726216,0.15761422649123713,9.225979313302732,"exp2"
42.073039406028315,0.10915160088611417,9.120453079987332,"exp2"
42.08857217835919,0.07614103384226599,9.005470966353869,"exp2"
42.10404486033895,0.053479872421278545,8.884811895126196,"exp2"
42.11954007709781,0.03775838122736443,8.760445958224041,"exp2"
42.135098698562594,0.026777058467414364,8.63377515849942,"exp2"
42.15077377079089,0.019054542225139824,8.505541373686638,"exp2"
42.166605594621025,0.013596050808942491,8.376228727342276,"exp2"
42.18263825605113,0.009720253291666713,8.246057646596498,"exp2"
42.19891429802489,0.006958227006490268,8.11511165952439,"exp2"
42.21548125396748,0.004983793302823775,7.983340207167984,"exp2"
42.23239236696888,0.0035688204787064286,7.850592344707147,"exp2"
42.24971106192595,0.002552720829576049,7.716610797208983,"exp2"
42.26751419660335,0.001821957193324157,7.581031043178629,"exp2"
42.28589680086716,0.0012959215796888367,7.443367217767229,"exp2"
42.30497681594342,0.0009171978022873197,7.3029990333302734,"exp2"
42.324900569599215,0.0006447625899270304,7.1591560995936465,"exp2"
42.345848611372325,0.0004492174770279941,7.010904463017735,"exp2"
42.368042434317836,0.0003094219151278569,6.857133663862264,"exp2"
42.39175262840952,0.00021010940629789972,6.69654337330889,"exp2"
42.4173096823542,0.00014019780409767118,6.52762548294722,"exp2"
42.44511906420192,9.159447706205933e-5,6.348637374920249,"exp2"
42.47568293802648,5.8354711287406365e-5,6.1575614309660205,"exp2"
42.50963185484186,3.609128232003494e-5,5.952046139444651,"exp2"
42.54777154723536,2.156065440357199e-5,5.729323738044132,"exp2"
42.59115312380218,1.2371527962290949e-5,5.486098552771604,"exp2"
42.64118079220289,6.776657928241186e-6,5.218398823926636,"exp2"
42.6997822443547,3.5204030786464256e-6,4.921383787049527,"exp2"
42.769688654011865,1.7231794888171628e-6,4.58909896863198,"exp2"
42.85491696573727,7.905313919277154e-7,4.214182536639496,"exp2"
42.96164621495941,3.39380386678908e-7,3.7875774500692962,"exp2"
43.09981153658607,1.375293042632146e-7,3.2988101026884515,"exp2"
43.28271710357025,5.5182438824279245e-8,2.7474089857541184,"exp2"
43.4966782763008,2.6569426184110732e-8,2.2182122797178665,"exp2"
43.733359853092345,1.6825926508844482e-8,1.750720763365974,"exp2"
43.99219423081336,1.4293511850106851e-8,1.3514866618073103,"exp2"
44.26872693904832,1.6216070735584415e-8,1.0249968076409075,"exp2"
44.56090959870325,2.3933922036239593e-8,0.765312911818597,"exp2"
44.865729623541185,4.4287147689514606e-8,0.5642475520815706,"exp2"
45.18119040570859,9.878994696544761e-8,0.41160585624495616,"exp2"
45.50524121830611,2.5578026826556934e-7,0.2976905644663379,"exp2"
45.83634486239654,7.439958743498993e-7,0.21379015977830912,"exp2"
46.173072520604094,2.365357836875502e-6,0.1526756993625214,"exp2"
46.513589867033744,8.022123375706873e-6,0.10861967458834015,"exp2"
46.848605195182046,2.7671451232668353e-5,0.07770303277707748,"exp2"
47.10496207064397,7.295536840721147e-5,0.06013383605116637,"exp2"
47.31447482703933,0.00016277273486070256,0.04876977273128495,"exp2"
47.50858103435748,0.00034443177233314977,0.040169223105586814,"exp2"
47.67837814934519,0.0006662450281263081,0.033901890784347584,"exp2"
47.83310129900581,0.001218726148861975,0.02905037297829702,"exp2"
47.974095030436615,0.002117097977376721,0.025241678748842186,"exp2"
48.1053076625331,0.0035444532112953167,0.022153838211303605,"exp2"
48.22858919744175,0.005758329083278805,0.019606358311289512,"exp2"
48.345883049713734,0.009144818291443176,0.017466368579025487,"exp2"
48.458422626878445,0.014262900185619789,0.01564777700288692,"exp2"
48.56726311597484,0.021935093853855326,0.014088623827733265,"exp2"
48.673165268054845,0.03336013741928329,0.012746235248920159,"exp2"
48.77674514685306,0.0502914353342586,0.011590658933122045,"exp2"
48.87847331802484,0.07528650201169636,0.010602327438854153,"exp2"
48.9787261626118,0.11207770205063386,0.009770403538457532,"exp2"
49.07779841707063,0.16610583754378755,0.00909288380764057,"exp2"
49.17592223779999,0.24529689087884682,0.008578238913099941,"exp2"
49.27326645335099,0.36116737338542537,0.00824980601962362,"exp2"
49.36989899025145,0.530303559525699,0.008155184104667012,"exp2"
49.46558018022995,0.7756967082010167,0.008385011786138779,"exp2"
49.55905148791596,1.1245817448415518,0.00910285346374385,"exp2"
49.64698863698224,1.5944936387573336,0.01056320543534087,"exp2"
49.72437640231398,2.1670770212279007,0.013050827565811178,"exp2"
49.78457955541697,2.749849348779608,0.016498846536052107,"exp2"
49.836219486658294,3.3709518426011327,0.02147004304661254,"exp2"
49.884335118873544,4.071639198349102,0.029242087612881145,"exp2"
49.927119565212195,4.810230585597212,0.04093469817734983,"exp2"
49.965941309616355,5.586262367695517,0.058912329937597166,"exp2"
50.00091611961246,6.377105003782069,0.0863954868419562,"exp2"
50.03272149185218,7.169613044077299,0.1287128035011784,"exp2"
50.061747821984376,7.941971661989406,0.19382392432821924,"exp2"
50.08839363386916,8.66765521171816,0.2937776482049703,"exp2"
50.113150949136816,9.31458066555899,0.4473826794437296,"exp2"
50.13650564444988,9.835931508295115,0.683853799046306,"exp2"
50.15908153867195,10.161133971195143,1.0509347178214,"exp2"
50.18192115698555,10.169103790432166,1.636627712870066,"exp2"
50.20793483935061,9.565476557031067,2.672863990573256,"exp2"
50.22725257677497,8.593999201515887,3.7287256494413676,"exp2"
50.24759076729277,7.139717472135141,5.037600794687707,"exp2"
50.26781126737953,5.474597069095627,6.372597214067728,"exp2"
50.29066729839012,3.6992914030576616,7.6731082368339365,"exp2"
50.30712139349953,2.656548897689068,8.374526876624746,"exp2"
50.325105760533646,1.7894528550085893,8.902359176097113,"exp2"
50.34221294141213,1.2032675824538839,9.20547123572071,"exp2"
50.36091599349499,0.7697101016465997,9.368993149297484,"exp2"
50.3779563416322,0.5097556034933401,9.410831151037986,"exp2"
50.394675599672745,0.34012717039479234,9.385395947341609,"exp2"
50.41076411528531,0.2309575303239343,9.319756078915878,"exp2"
50.42663576517254,0.1582416907007198,9.229139650214474,"exp2"
50.442253569806844,0.10958188916935413,9.123758411435574,"exp2"
50.45778023498075,0.07644005173886856,9.008880417543992,"exp2"
50.47324720542271,0.05368831693353937,8.888288900095796,"exp2"
50.48873613996676,0.03790473017622676,8.763972018924592,"exp2"
50.50428835608678,0.02688020384322306,8.637335183485074,"exp2"
50.51995660128395,0.019127562474336623,8.509127222210495,"exp2"
50.53578126372448,0.013647907204048917,8.3798345204412,"exp2"
50.55180629655946,0.00975718971679013,8.249680504456844,"exp2"
50.56807420227203,0.006984597536202409,8.118750230264837,"exp2"
50.584632390957296,0.005002658455757651,7.986994814864032,"exp2"
50.60153398201988,0.0035823377556817933,7.854264594142684,"exp2"
50.61884222031421,0.002562417974410472,7.720303685345545,"exp2"
50.63663374446499,0.0018289188955748013,7.584748955157457,"exp2"
50.65500330402191,0.0013009201480795724,7.44711608166129,"exp2"
50.674068498478995,0.0009207843322169345,7.3067864381032015,"exp2"
50.69397524061997,0.0006473312450843538,7.162991439212284,"exp2"
50.714903584234605,0.0004510508972418692,7.014799048184921,"exp2"
50.73707442899724,0.0003107234410786061,6.861100836416299,"exp2"
50.76075764790914,0.00021102595096279217,6.70059863984625,"exp2"
50.7862828448992,0.00014083606465597738,6.531786720812126,"exp2"
50.814054367578095,9.203237808665194e-5,6.352925155842721,"exp2"
50.84457292137244,5.864944571400294e-5,6.1619995123298335,"exp2"
50.87846710724901,3.628494525075581e-5,5.956662166753801,"exp2"
50.9165399829722,2.168419791537299e-5,5.734150206537499,"exp2"
50.95983889168859,1.244756397005926e-5,5.491174080947241,"exp2"
51.00976258961008,6.8214839713911465e-6,5.223769796735723,"exp2"
51.06823062023459,3.545510566211797e-6,4.927106411705197,"exp2"
51.13796150828802,1.7364174387811378e-6,4.59524171019827,"exp2"
51.22295164487303,7.970345106031897e-7,4.220828612282869,"exp2"
51.32934490127043,3.4232368405622465e-7,3.7948255527454604,"exp2"
51.467017142472685,1.3873810818945033e-7,3.306752941131793,"exp2"
51.64931842031389,5.559604407108673e-8,2.7556888043639085,"exp2"
51.863044705064986,2.6659657166678937e-8,2.2254198741897815,"exp2"
52.09936930974829,1.6813943661693032e-8,1.7570363441426369,"exp2"
52.35797969328819,1.4221874565074753e-8,1.356665816196342,"exp2"
52.634274463937,1.607081268846955e-8,1.0291695611178933,"exp2"
52.92628416711806,2.363750393458731e-8,0.7685613563980949,"exp2"
53.23094638681784,4.361134076720718e-8,0.5667319377331501,"exp2"
53.546285510334684,9.705558586019426e-8,0.4134684297426511,"exp2"
53.870232726206474,2.508268947207925e-7,0.2990686161545228,"exp2"
54.20125480339082,7.285583005865305e-7,0.21479733075524143,"exp2"
54.53791813371911,2.3138108389077986e-6,0.15340481594022137,"exp2"
54.87842234188584,7.8421193911833e-6,0.10913982285363452,"exp2"
55.21378244627802,2.7072981746507068e-5,0.07804821892469986,"exp2"
55.471293422334526,7.167174536759337e-5,0.06033129947766605,"exp2"
55.681523992420956,0.00016033042369461583,0.04889478390745197,"exp2"
55.876299989549715,0.00034011849825704515,0.04024518698492455,"exp2"
56.04657609331318,0.0006591028657420574,0.03394968864202404,"exp2"
56.20167634882077,0.0012074115056691496,0.02908030071566399,"exp2"
56.34294767256504,0.0020996990837638743,0.025260591531389542,"exp2"
56.47437259229731,0.0035182309513436486,0.022165632064463682,"exp2"
56.597814690699984,0.0057193179622346164,0.019613519280763547,"exp2"
56.715232399846386,0.009087280006531216,0.017470419991034977,"exp2"
56.82786766984918,0.01417849848922943,0.015649696191552112,"exp2"
56.93678285316076,0.021811720581836513,0.014089021788062935,"exp2"
57.04274348826493,0.033180182742304,0.01274548560756133,"exp2"
57.14636939980003,0.05002928706193162,0.011588963001858615,"exp2"
57.24813388167255,0.07490489371625472,0.010599752538956307,"exp2"
57.34841543788415,0.11152241046678074,0.009766895067662222,"exp2"
57.44751042804789,0.16529797653452016,0.009088255226158772,"exp2"
57.54565234309196,0.24412180408217965,0.008572131104225049,"exp2"
57.64301132859616,0.35945904559417163,0.0082415958959825,"exp2"
57.739657561331576,0.5278254150205394,0.008143796450505655,"exp2"
57.835358467068126,0.7721353386211713,0.008368564552277294,"exp2"
57.92887531055747,1.1196273837817985,0.009078192064136306,"exp2"
58.016907707811846,1.5880820705164558,0.010525797342797938,"exp2"
58.094421050250304,2.159460680190797,0.012994947475929887,"exp2"
58.15474523424316,2.741529961731939,0.01642013477691918,"exp2"
58.206483160555344,3.362101119673607,0.021359286792193784,"exp2"
58.25468843332153,4.062455918480675,0.029082645060561546,"exp2"
58.297547298188825,4.800892125042439,0.04070293729291684,"exp2"
58.33643206657599,5.576954719766704,0.05857083485875667,"exp2"
58.371458585812825,6.368005550049866,0.08588777502294709,"exp2"
58.403306124965724,7.160921680103744,0.12795129272667563,"exp2"
58.432368071332554,7.933988193154043,0.1926801704826624,"exp2"
58.45904107348513,8.660693627257034,0.2920508011199562,"exp2"
58.4838185148052,9.309123222508495,0.44476662745878137,"exp2"
58.50718521552636,9.832686280063172,0.6798619525782024,"exp2"
58.529762489807624,10.161251559242373,1.0447470017740192,"exp2"
58.552581569366644,10.174789206018824,1.6265407848449378,"exp2"
58.576114128517546,9.670632940883445,2.5402340727016472,"exp2"
58.59492426399135,8.793914701082521,3.5328582892040714,"exp2"
58.61422186942431,7.48006843333321,4.749354190479011,"exp2"
58.63341048454442,5.922223015683424,6.027932040919809,"exp2"
58.65870244266485,3.909313519087754,7.527685465036183,"exp2"
58.67628641839663,2.759144453440219,8.310173232120732,"exp2"
58.6950555553079,1.831030876890054,8.880751151890125,"exp2"
58.712745184457305,1.2154550691882742,9.201873338699682,"exp2"
58.73185670240767,0.7699825473119535,9.370878893517654,"exp2"
58.74929218628448,0.5050345515157901,9.412836150231575,"exp2"
58.766249045112666,0.335029037167492,9.385438411061317,"exp2"
58.7825511947042,0.226343047519151,9.317443559411258,"exp2"
58.7985725679383,0.1545533030475483,9.224774209851745,"exp2"
58.81431851606312,0.10673223640580583,9.11764903879305,"exp2"
58.829944043418365,0.07430549316630791,9.00142524375818,"exp2"
58.84549526796818,0.05210824423402191,8.879772488925195,"exp2"
58.86105390765092,0.036746925950378595,8.754649883526781,"exp2"
58.87666714271169,0.02603580013855874,8.627387655563004,"exp2"
58.892389185460694,0.018513972046866452,8.498697854567157,"exp2"
58.90826330811524,0.013202850779864541,8.369023727951392,"exp2"
58.92433500523033,0.009434779890487594,8.238561379112369,"exp2"
58.9406486930025,0.006751170361565723,8.10736970309348,"exp2"
58.95725336929843,0.004833708536006511,7.97537981419515,"exp2"
58.974203974977264,0.0034600681496162705,7.842423121804902,"exp2"
58.99156568473195,0.002473940048964361,7.708226560504806,"exp2"
59.00941740159096,0.0017649086378581109,7.572409623114848,"exp2"
59.027856494679426,0.0012546387563456447,7.4344703177568325,"exp2"
59.04700364882125,0.0008873624244307714,7.293771431267601,"exp2"
59.06700837409762,0.0006232493747520146,7.149524935199339,"exp2"
59.08805492203527,0.00043376243167493524,7.000778437505664,"exp2"
59.11036910938584,0.0002983816067133449,6.846402230217531,"exp2"
59.13422666876868,0.00020228676900508637,6.685075570721564,"exp2"
59.159964372761756,0.00013471683731638886,6.515268061533808,"exp2"
59.187995625969386,8.781072618043978e-5,6.3352117318889745,"exp2"
59.21883295160779,5.579177623464383e-5,6.142858916760639,"exp2"
59.25312083932608,3.439600190515213e-5,5.935821258043082,"exp2"
59.291684304982105,2.0471463300904783e-5,5.711284713820922,"exp2"
59.33560186493326,1.169592032102109e-5,5.46589460136806,"exp2"
59.38631780545469,6.374822335249322e-6,5.195603314848555,"exp2"
59.44582033462324,3.2929714080271094e-6,4.895472409631005,"exp2"
59.51693552597525,1.601706257658781e-6,4.559422336261893,"exp2"
59.60383610742108,7.298303313493675e-7,4.1799345462357085,"exp2"
59.712970269164515,3.1122296479754257e-7,3.747772531686526,"exp2"
59.85472620947993,1.2548388351056373e-7,3.2524427344123423,"exp2"
60.04190821253522,5.060683842102611e-8,2.697233424210796,"exp2"
60.257492970824984,2.4969666657258975e-8,2.1741689364403594,"exp2"
60.496706284365274,1.6212334691853243e-8,1.7116214901948343,"exp2"
60.75710548457609,1.4147061756811422e-8,1.3192380987843766,"exp2"
61.035315685664855,1.6457320378037854e-8,0.9988623534337238,"exp2"
61.32870947128179,2.483016009177843e-8,0.7448973058379227,"exp2"
61.63463854039601,4.681020878285435e-8,0.5485871519707388,"exp2"
61.9509516085136,1.0599406585555798e-7,0.3998412186726491,"exp2"
62.27572923435674,2.777138340919554e-7,0.28897191843195924,"exp2"
62.60740470431473,8.152016024937298e-7,0.20741020874835897,"exp2"
62.94458933631281,2.6097532163780656e-6,0.14805192689691649,"exp2"
63.28527344622746,8.890804575131021e-6,0.1053126208029937,"exp2"
63.618644662596694,3.056741432346991e-5,0.07546122729455179,"exp2"
63.86975945068867,7.913136899802254e-5,0.058705885259703064,"exp2"
64.07597902381157,0.00017448089779230938,0.047768848257994656,"exp2"
64.26701752868433,0.0003650547422988299,0.03946586618254932,"exp2"
64.43461053598472,0.0007003467057395314,0.03338199563126075,"exp2"
64.58759434785344,0.0012727238434721735,0.028654961721453816,"exp2"
64.7273022624295,0.002200135603831032,0.024930509223066968,"exp2"
64.85752805008262,0.003669646434947478,0.0219028041073881,"exp2"
64.98006001749063,0.00594467220358781,0.019399324425416132,"exp2"
65.09677332182858,0.009419807565402252,0.017292740624491855,"exp2"
65.20886235584415,0.01466648406826581,0.01550021264832941,"exp2"
65.3173495290986,0.022525302082607005,0.013962006171273402,"exp2"
65.42297360776175,0.03422136695239207,0.012636917989914847,"exp2"
65.5263333503363,0.0515464338341264,0.011496058566251023,"exp2"
65.62788672516895,0.07711386129957423,0.010520658512818491,"exp2"
65.72800028153921,0.11473725767717366,0.009700549534156501,"exp2"
65.82696120122385,0.16997556828386493,0.009034370828980657,"exp2"
65.92499538165579,0.25092607733390826,0.008531340365724036,"exp2"
66.02226538325743,0.369351084157417,0.008215851715444924,"exp2"
66.11882823891641,0.5421737501125625,0.008137251094512191,"exp2"
66.2144097805777,0.7927475395178647,0.008389243253766932,"exp2"
66.30765736281428,1.148274523749298,0.009140018060732823,"exp2"
66.39504526911071,1.6245165091648515,0.010646164500387436,"exp2"
66.47187496920361,2.2029450816791725,0.013199855037964663,"exp2"
66.5315138345882,2.7890380946065267,0.016725409647807252,"exp2"
66.58270013187683,3.412736449353211,0.021804878541320086,"exp2"
66.63039808091456,4.115116080792903,0.029739498595442844,"exp2"
66.67283497724334,4.854639643702673,0.04167281797903863,"exp2"
66.71136025420338,5.63081131070419,0.060013834367262014,"exp2"
66.74608964699922,6.42108592137807,0.08804559142323269,"exp2"
66.77769191343857,7.212270970170928,0.131197287961662,"exp2"
66.80654398872173,7.982206016408471,0.1975537513016158,"exp2"
66.83305164176545,8.704430311925467,0.2993992092266726,"exp2"
66.85769955687098,9.346321806666051,0.4558712020371069,"exp2"
66.88097586542847,9.860385894122924,0.6967581898148677,"exp2"
66.90351031804147,10.174656015832332,1.0708596242305357,"exp2"
66.92637933214507,10.164679557775631,1.669013985211615,"exp2"
66.95181093319661,9.553596288059287,2.6946036227913344,"exp2"
66.97116104386731,8.56895680130733,3.7584767355879296,"exp2"
66.99136547341053,7.115599797731022,5.062578219049548,"exp2"
67.01161797563904,5.445107019109859,6.3995079071089105,"exp2"
67.03428595224148,3.686270370403471,7.6863433963485,"exp2"
67.05084378110904,2.6398057157456982,8.389375175210981,"exp2"
67.06881969139081,1.777276979381615,8.913264266071629,"exp2"
67.0859805295178,1.1929928843871613,9.214149377285526,"exp2"
67.10471970921039,0.762167766388876,9.375026740036239,"exp2"
67.12172936085477,0.5050072972082658,9.41488041221049,"exp2"
67.13845793540963,0.3368260913343274,9.388169046039584,"exp2"
67.15453510161579,0.22875249678960097,9.3217419254061,"exp2"
67.17040664835605,0.15671869780570583,9.230566920400742,"exp2"
67.18601885251339,0.10853518958138368,9.12484529700434,"exp2"
67.20154332632023,0.07571038859408805,9.00972406152757,"exp2"
67.21700688443995,0.053178097178796534,8.888979146097425,"exp2"
67.23249365706182,0.037545229379584016,8.764553053724068,"exp2"
67.24804368457707,0.02662587711552373,8.63784393170073,"exp2"
67.26371042476504,0.018946778502116388,8.509583228249355,"exp2"
67.27953395175284,0.013518962055634564,8.3802521454339,"exp2"
67.29555848795712,0.009664918260678817,8.250066688522095,"exp2"
67.31182655396528,0.006918397723733755,8.119108277999105,"exp2"
67.3283857888614,0.004955054586192401,7.9873238874561965,"exp2"
67.34528952793721,0.003548042614857109,7.85456069953542,"exp2"
67.36260136248711,0.002537674067004606,7.720559327755051,"exp2"
67.38039835600084,0.001811048169485898,7.584953105840931,"exp2"
67.39877581280474,0.0012880079736620387,7.447253723470002,"exp2"
67.4178520091643,0.0009114585743575654,7.306838202848314,"exp2"
67.43777367789785,0.0006406060226693791,7.162933163326789,"exp2"
67.45872184345026,0.00044621587662217017,7.014601402183472,"exp2"
67.48091855548681,0.0003072649863198341,6.860728933343597,"exp2"
67.5046350639667,0.0002085709465132623,6.700011577384241,"exp2"
67.53020266516532,0.00013911193759864887,6.530936909280624,"exp2"
67.55802785419996,9.083877377236634e-5,6.351757298609676,"exp2"
67.58861415386993,5.7838259515399314e-5,6.160449082680181,"exp2"
67.62259397517023,3.574629747257038e-5,5.954653229536279,"exp2"
67.6607756726587,2.133657358898043e-5,5.731592402143278,"exp2"
67.70421415127853,1.2230819991175553e-5,5.487958546038408,"exp2"
67.7543192675378,6.691792474499731e-6,5.219763731700097,"exp2"
67.81302737900923,3.471587990424527e-6,4.922145955673293,"exp2"
67.88308344255364,1.696601780046215e-6,4.589122825994775,"exp2"
67.96852731290613,7.769338581884648e-7,4.213296125177073,"exp2"
68.07557807866672,3.3287815342325376e-7,3.7855634547374453,"exp2"
68.21424009595569,1.3462338682644123e-7,3.2954188017413504,"exp2"
68.39777018402434,5.396732765214867e-8,2.742871125117863,"exp2"
68.61194727496328,2.6036636649410016e-8,2.2140704279528167,"exp2"
68.84898646865265,1.652434908238409e-8,1.7468271099339252,"exp2"
69.10803531977812,1.4074675752415156e-8,1.348191804248421,"exp2"
69.3848033844701,1.6009508773161034e-8,1.0222573703348268,"exp2"
69.67715371401442,2.3685075661110384e-8,0.7631395992651591,"exp2"
69.98212880588243,4.391729809882973e-8,0.5625580204319645,"exp2"
70.29770802900568,9.813028468562982e-8,0.4103248062873974,"exp2"
70.62186028357742,2.5441836223668156e-7,0.29673397173225274,"exp2"
70.95304370450003,7.408169325297793e-7,0.21308618243585425,"exp2"
71.28983781731807,2.3571814802036502e-6,0.1521628571376727,"exp2"
71.63041249576452,7.99948251283019e-6,0.10824861548154563,"exp2"
71.96550710477084,2.7609849826178934e-5,0.07743145260158273,"exp2"
72.22194911792239,7.282952911872551e-5,0.059918559391197126,"exp2"
72.43150925054059,0.0001625411002840631,0.04859287395667975,"exp2"
72.62565985111067,0.0003440325141188947,0.0400217398891779,"exp2"
72.7954863430214,0.0006655944434200436,0.03377642121009785,"exp2"
72.95023157282387,0.0012177064666438623,0.02894221344808966,"exp2"
73.09124012263352,0.0021155394833882873,0.02514731920271673,"exp2"
73.22246310121666,0.003542111009738664,0.022070783530548418,"exp2"
73.34575149223625,0.005754845389900339,0.019532707581542044,"exp2"
73.46304986106871,0.009139672023987013,0.017400661828017687,"exp2"
73.57559222046662,0.014255329510328481,0.015588847207864869,"exp2"
73.68443427276418,0.02192398647065138,0.014035516490460568,"exp2"
73.79033709288585,0.03334386782224044,0.012698143686120192,"exp2"
73.89391699502488,0.050267629250044896,0.0115468797670073,"exp2"
73.99564471469493,0.07525169094862189,0.010562223267168864,"exp2"
74.09589675747046,0.1120268201204814,0.009733369939944208,"exp2"
74.19496794480199,0.16603148730467174,0.00905831424700418,"exp2"
74.2930904963723,0.24518828244368812,0.008545480802247506,"exp2"
74.39043331231241,0.361008843374253,0.008218095543716305,"exp2"
74.48706452404491,0.5300728485844313,0.008123536590495741,"exp2"
74.58274534277496,0.7753652500200162,0.00835202699549551,"exp2"
74.67621991063851,1.124126625729556,0.009066409330638897,"exp2"
74.7641669000576,1.5939271488795645,0.010520146524863726,"exp2"
74.84156806678635,2.1664462925166657,0.012996896275002992,"exp2"
74.90178264135093,2.749203339852315,0.01643012847708199,"exp2"
74.95343080757229,3.370310329535874,0.021380089049462772,"exp2"
75.00155381586966,4.071043892994657,0.02911920355436504,"exp2"
75.04434361098048,4.809717314087491,0.040762438417672624,"exp2"
75.08316916463654,5.585882788709194,0.05866444337422394,"exp2"
75.11814610001173,6.376924110173961,0.08603220899230068,"exp2"
75.14995196247541,7.169726617246675,0.12817197638058758,"exp2"
75.17897753129458,7.942536312106435,0.19301098798836752,"exp2"
75.20562053714634,8.668887919979177,0.29254617465848975,"exp2"
75.23037264704436,9.316821963288362,0.4455051712205337,"exp2"
75.25371844498126,9.839709090023295,0.6809672510340294,"exp2"
75.27627891081669,10.1673159129159,1.0464214338197597,"exp2"
75.2990867656449,10.179369373650742,1.6291926446714413,"exp2"
75.32259019076228,9.673588015273644,2.543419457314163,"exp2"
75.34139806014045,8.79478899587015,3.5374067471111537,"exp2"
75.3606859222814,7.479256966085394,4.754757754650456,"exp2"
75.37987453381464,5.919545837600872,6.034372567838947,"exp2"
75.405216621289,3.9019206093098076,7.537018008724576,"exp2"
75.42277125604032,2.7543375347065875,8.317326707759069,"exp2"
75.44154889000072,1.8268034200662795,8.88714046159731,"exp2"
75.45923171321913,1.2124650310426333,9.207199670954287,"exp2"
75.47835297262456,0.7676930537279831,9.375443919038826,"exp2"
75.49576432253727,0.5037155129394846,9.41678521165241,"exp2"
75.51271888865661,0.33410875851027366,9.38902681645924,"exp2"
75.52900868754884,0.22574998890213632,9.320831223796624,"exp2"
75.54502404426435,0.15414592363908525,9.228016740456827,"exp2"
75.56076140164514,0.1064563196527186,9.120815244586941,"exp2"
75.57638026807295,0.07411395624193207,9.004535353504469,"exp2"
75.5919242514999,0.051975015618667936,8.882852521841077,"exp2"
75.60747627812259,0.036653167219275674,8.757708760942116,"exp2"
75.62308280072192,0.025969506727978757,8.630435071068153,"exp2"
75.63879834472996,0.01846678445347371,8.50173762102612,"exp2"
75.65466596500535,0.013169119972078844,8.372059200407152,"exp2"
75.67073123879766,0.009410563950150027,8.241593687020318,"exp2"
75.68703852677726,0.006733728221441101,8.11039934048963,"exp2"
75.70363686803768,0.00482110808645452,7.978406151121425,"exp2"
75.72058121974854,0.0034509438218457375,7.845444808080463,"exp2"
75.73793681679845,0.002467319976759328,7.711241312672722,"exp2"
75.7557826332764,0.0017600988293844607,7.57541423526593,"exp2"
75.7742161410583,0.0012511415776119772,7.437460485553932,"exp2"
75.79335814970861,0.0008848199871637887,7.296741639317761,"exp2"
75.81335832146583,0.0006214034571546364,7.152468300631119,"exp2"
75.8344010844419,0.0004324261045082176,7.003686582302814,"exp2"
75.85671246093091,0.0002974189839453022,6.84926513711855,"exp2"
75.88056842554626,0.0002015985555300889,6.687881416504363,"exp2"
75.90630604719516,0.0001342300170466294,6.518002977587145,"exp2"
75.93433911028973,8.747123883458868e-5,6.337859452213629,"exp2"
75.96518064757944,5.5559343130448366e-5,6.145400259986929,"exp2"
75.99947585811222,3.424048563751941e-5,5.9382333895792065,"exp2"
76.03805077562289,2.0370305048073617e-5,5.713540117608092,"exp2"
76.08198541576114,1.1632319966336566e-5,5.467959669388651,"exp2"
76.13272633223553,6.336419402756761e-6,5.197436427665273,"exp2"
76.19226526526069,3.2708566361841015e-6,4.897021341144529,"exp2"
76.26343398943054,1.5896488101662768e-6,4.5606207825373986,"exp2"
76.35041484526552,7.236479335455579e-7,4.180697622803643,"exp2"
76.45967305476393,3.082541854112676e-7,3.7479917551961432,"exp2"
76.60162606680052,1.2414510110646834e-7,3.2519920559636057,"exp2"
76.7890413202492,5.0032424058151615e-8,2.6962307468570215,"exp2"
77.00470451322236,2.4695571947826378e-8,2.173190263109933,"exp2"
77.24405256591095,1.6041910785221324e-8,1.7106205632140257,"exp2"
77.5045308979021,1.4008044246785775e-8,1.3183623282652859,"exp2"
77.78282901267583,1.6307445098455862e-8,0.9981115403253011,"exp2"
78.07628483889232,2.4620818947567735e-8,0.7442912315359778,"exp2"
78.38227156060032,4.644401358542532e-8,0.548109217172017,"exp2"
78.69862846562398,1.0521826030377863e-7,0.3994753706125779,"exp2"
79.02344370969391,2.757959942633677e-7,0.28869666021415086,"exp2"
79.3551487696159,8.098364601313926e-7,0.20720651411275753,"exp2"
79.69235895950101,2.5932499173069628e-6,0.14790274894835026,"exp2"
80.03307591279275,8.836730031448953e-6,0.10520305245609374,"exp2"
80.36657620906654,3.0398624926118214e-5,0.07537298918790528,"exp2"
80.61795721077476,7.877806645834398e-5,0.05862162904823968,"exp2"
80.82434109413767,0.0001738193037290203,0.047692445090924,"exp2"
81.01553255238804,0.00036389965427767847,0.03939670691601482,"exp2"
81.18323403825782,0.000698447239083453,0.03331987004566401,"exp2"
81.33630279349585,0.0012697263159054347,0.028599187585028676,"exp2"
81.47607261014004,0.0021955339013224355,0.024880423369769217,"exp2"
81.60634528133085,0.0036627126904050632,0.02185774966068192,"exp2"
81.728912236087,0.0059343495325129975,0.0193587083230349,"exp2"
81.8456521346562,0.009404562986159925,0.017256032189713593,"exp2"
81.95776134209191,0.014644086413065614,0.01546694021837813,"exp2"
82.06626393229617,0.022492505548838082,0.01393174626707128,"exp2"
82.17189977546727,0.03417344474494192,0.012609283666423927,"exp2"
82.27526849721157,0.05147650327830455,0.011470686690885835,"exp2"
82.37682868959472,0.07701189772741286,0.010497195771423341,"exp2"
82.47694738379656,0.11458866140660998,0.009678635508152523,"exp2"
82.57591212540596,0.1697590809354887,0.009013615111136344,"exp2"
82.67394911025549,0.2506107791237815,0.00851128780370456,"exp2"
82.77122120974893,0.3688921991040438,0.00819592395731659,"exp2"
82.8677860740684,0.5415076349083956,0.008116640578909439,"exp2"
82.96337168722228,0.791791240536244,0.008366721504129706,"exp2"
83.05663134816872,1.1469521377466672,0.009113661081804987,"exp2"
83.14405608426618,1.6228953077128843,0.01061341925279778,"exp2"
83.22091626016876,2.201031449456645,0.01315680415167341,"exp2"
83.28058618517102,2.7869822228987378,0.016668959003513662,"exp2"
83.33179642088815,3.4105768873020166,0.02172927866980366,"exp2"
83.37951643821042,4.112920595767761,0.029634467067065955,"exp2"
83.4219710929834,4.852462530733867,0.04152376969079188,"exp2"
83.46051103955715,5.6287209616588925,0.05979761506144052,"exp2"
83.49525186686188,6.419155678588961,0.08772712616438913,"exp2"
83.52686273867445,7.210597868139157,0.13072192326939241,"exp2"
83.55572139166247,7.980942994536397,0.19683940853267728,"exp2"
83.58223275273035,8.70376953828149,0.2983182689257189,"exp2"
83.60688155391216,9.346562798081505,0.4542265616254276,"exp2"
83.63015492888714,9.861985704727944,0.6942351369175742,"exp2"
83.6526803736473,10.178366373844458,1.0669217271136706,"exp2"
83.67552578854098,10.171970920772614,1.6625205648286818,"exp2"
83.70105823436307,9.562245807952673,2.690375443416195,"exp2"
83.7203897887017,8.580078086576053,3.7528154376789207,"exp2"
83.74060835007764,7.126112610913627,5.058252575820468,"exp2"
83.76083909055082,5.456171240008164,6.395251823423362,"exp2"
83.78354251507498,3.6920246426741254,7.686360747784763,"exp2"
83.80006324871574,2.6459085474818655,8.38941302129199,"exp2"
83.81803071838596,1.781642496247303,8.914720219740655,"exp2"
83.83516716039898,1.1964846311357453,9.216461231765553,"exp2"
83.85388520037321,0.7646651658223003,9.378240554363847,"exp2"
83.87089340430133,0.5065877381148887,9.418747040053297,"exp2"
83.88760949060901,0.337913034066306,9.39245873379389,"exp2"
83.9036802273321,0.22947719242699965,9.326295563707161,"exp2"
83.91954224260331,0.15721609174743822,9.235307420903467,"exp2"
83.93514649354685,0.10887556268502283,9.129702965820853,"exp2"
83.95066200302506,0.07594628904170043,9.01466620741754,"exp2"
83.96611684613272,0.053342118114733585,8.893977034912691,"exp2"
83.9815944043754,0.0376600570540066,8.769591968979771,"exp2"
83.99713503621281,0.026706562945966395,8.642912025557505,"exp2"
84.01279195597915,0.01900371338594463,8.514674066229805,"exp2"
84.02860528510307,0.013559255850859507,8.385361134121432,"exp2"
84.04461912678767,0.00969351331899863,8.255191582312754,"exp2"
84.06087595060086,0.006938733282125774,8.124248052521247,"exp2"
84.0774232799309,0.0049695420700690334,7.992478831418866,"exp2"
84.09431433085071,0.003558377550869214,7.859732107302372,"exp2"
84.1116125285562,0.002545053660270599,7.725749572952855,"exp2"
84.12939473517827,0.0018163198719882674,7.59016562969145,"exp2"
84.14775600016058,0.001291773238899134,7.4524931404340045,"exp2"
84.16681428923454,0.0009141451236005732,7.312110376445148,"exp2"
84.1867159577362,0.0006425186812563831,7.168245298346249,"exp2"
84.20764157702946,0.0004475723979665102,7.019962109619888,"exp2"
84.22981265152623,0.0003082214035270599,6.866148294448058,"exp2"
84.25349976909472,0.00020923951107923043,6.705501219020959,"exp2"
84.2790334068739,0.00013957379412671582,6.536510128768734,"exp2"
84.30681902314323,9.115287873468858e-5,6.357429268443528,"exp2"
84.33735879537502,5.804763130736469e-5,6.1662371666297675,"exp2"
84.3712833456018,3.58823865829372e-5,5.960577433807828,"exp2"
84.40939859036806,2.142232695810855e-5,5.7376759840799085,"exp2"
84.4527560261934,1.2282852336152324e-5,5.494228799176405,"exp2"
84.50276060904491,6.721955978526128e-6,5.226252957319827,"exp2"
84.56134142021949,3.4881404835842377e-6,4.928892598173238,"exp2"
84.63123219205656,1.7051057478472383e-6,4.596172652992211,"exp2"
84.71645464616572,7.809689403235071e-7,4.220703034466654,"exp2"
84.82319702300218,3.346142830029952e-7,3.7933880690238992,"exp2"
84.96141226789582,1.352766141266295e-7,3.303705955238274,"exp2"
85.14440546996741,5.413522347832226e-8,2.75124538493298,"exp2"
85.35836701067038,2.6008421271116975e-8,2.2213089065400293,"exp2"
85.59508484721728,1.6437612958315418e-8,1.7531012134929447,"exp2"
85.85393003551218,1.3940857127627917e-8,1.353309647601662,"exp2"
86.13048341187614,1.5795373304238303e-8,1.0263581931006474,"exp2"
86.4226769935929,2.3289315901062805e-8,0.7663210223270374,"exp2"
86.72750953522551,4.306147061171031e-8,0.5649837400145477,"exp2"
87.04297863692402,9.600109603818066e-8,0.4121394613603201,"exp2"
87.36703725151258,2.4845681464275377e-7,0.2980741649972472,"exp2"
87.69814693298939,7.224782587847654e-7,0.2140643539079396,"exp2"
88.03488371980107,2.2964928392409164e-6,0.15287011325138322,"exp2"
88.37545703512978,7.788849277247599e-6,0.10875189659004057,"exp2"
88.71096333910279,2.6912118907388665e-5,0.07775943903341981,"exp2"
88.96874956377518,7.133358032907434e-5,0.06009152816575723,"exp2"
89.17914402411402,0.0001596955778683626,0.048692476116785566,"exp2"
89.37407326036322,0.00033900814200465046,0.04007251680795703,"exp2"
89.54445591930245,0.000657276073712324,0.03380041423560269,"exp2"
89.6996387373174,0.0012045301545980385,0.028950029952741263,"exp2"
89.8409690176612,0.002095279689286752,0.02514592854936934,"exp2"
89.97243778019426,0.0035115789239739638,0.022064023999616062,"exp2"
90.0959118200309,0.005709423914844665,0.019522952864575765,"exp2"
90.21335320081575,0.009072679420296867,0.01738929438725955,"exp2"
90.32600587547485,0.014157058028204484,0.01557669791548771,"exp2"
90.43493388497014,0.021780334790123104,0.014023050090941704,"exp2"
90.540903869884,0.033134325725764587,0.012685590224718227,"exp2"
90.64453651538015,0.04996236408219057,0.011534298005278864,"exp2"
90.74630572466813,0.0748072924561027,0.010549535364957771,"exp2"
90.84659046625143,0.11138012154632423,0.009720367269730296,"exp2"
90.9456874420195,0.16509058509050573,0.00904463756901262,"exp2"
91.0438304156463,0.24381959118267976,0.008530563470897125,"exp2"
91.14118981131297,0.35901892744273867,0.008201043889279369,"exp2"
91.23783637758379,0.5271860501932499,0.008102889572416729,"exp2"
91.33353961967518,0.7712164611937975,0.008325305785962226,"exp2"
91.42706691662586,1.118355715140893,0.009029512472829465,"exp2"
91.51512506958802,1.5864627502487898,0.010467152991924291,"exp2"
91.5926731416906,2.157588793510743,0.012920265225403134,"exp2"
91.65302895605677,2.739538195348848,0.01632395351896955,"exp2"
91.70479123390787,3.360038702823889,0.02123233413250946,"exp2"
91.75301858431556,4.060403073889126,0.028908113187103568,"exp2"
91.7958948126366,4.798918639850406,0.04045716014377813,"exp2"
91.83479338930414,5.5751511189243645,0.05821607731809733,"exp2"
91.8698299965743,6.366477484170526,0.08536690712180936,"exp2"
91.90168422265613,7.159815960323257,0.1271751151097434,"exp2"
91.93075036063898,7.933540989519289,0.19151362769936603,"exp2"
91.95742381464378,8.661217527460403,0.2902845428258298,"exp2"
91.98219773096154,9.31110728546474,0.4420762801155597,"exp2"
92.0055551951483,9.836882404232112,0.6757305327993298,"exp2"
92.02811369969373,10.168893096831036,1.038297397482832,"exp2"
92.05089101676944,10.1882475928542,1.615947307854698,"exp2"
92.07449131806926,9.689657985355577,2.528893525030948,"exp2"
92.09324412246328,8.820617261133815,3.5165527615876995,"exp2"
92.11252533860849,7.511301119855416,4.731574387202703,"exp2"
92.13164588475169,5.958399335478721,6.008105742335329,"exp2"
92.15658637015844,3.9637656818062417,7.497244601396185,"exp2"
92.17427226883345,2.7953096356632345,8.294547118483587,"exp2"
92.19293334315817,1.8607064795973172,8.871607152087106,"exp2"
92.21060031418132,1.2361473781944141,9.200104002684196,"exp2"
92.22959394781412,0.7852522262174618,9.374403790065696,"exp2"
92.24710376057399,0.513970362045127,9.420461056934728,"exp2"
92.26401452123136,0.3411830488517872,9.39548637483029,"exp2"
92.28032808439448,0.23031574575328265,9.328887836356605,"exp2"
92.29632596957047,0.15726356548440723,9.237215335523931,"exp2"
92.31206300798543,0.10856137002544963,9.130649668941096,"exp2"
92.32766857979536,0.07556710345047354,9.01483748420875,"exp2"
92.343202543053,0.05298041505131866,8.893429084805039,"exp2"
92.35873955252191,0.03735618292784934,8.768486601432897,"exp2"
92.37433059661512,0.02646322949716874,8.641341219049833,"exp2"
92.3900278785744,0.018815615643952444,8.512741154947678,"exp2"
92.40587563686779,0.013416516484402789,8.383134575470743,"exp2"
92.42191864515938,0.009586692258299747,8.252731615916556,"exp2"
92.43820135566475,0.006859475397683447,8.121595906099008,"exp2"
92.45477223143251,0.004911112649011216,7.989665706924207,"exp2"
92.47168577496925,0.0035154912146401467,7.856777125737216,"exp2"
92.48900641779213,0.0025136819138236815,7.722662825770868,"exp2"
92.50681218059357,0.001793431707275374,7.586947837700312,"exp2"
92.52519927206588,0.001275115268996801,7.449136549411767,"exp2"
92.54428696614767,0.0009020531337954852,7.308598595521366,"exp2"
92.56422304933263,0.0006337699179737887,7.164553471512387,"exp2"
92.58518971415364,0.00044127070843629314,7.0160567858935385,"exp2"
92.60741030740958,0.00030371047841789536,6.861987355505741,"exp2"
92.63115757260488,0.00020603801242282226,6.701033561125535,"exp2"
92.65676458402498,0.00013732762824960102,6.531675057301596,"exp2"
92.68464005040912,8.960048889360002e-5,6.352155360868862,"exp2"
92.71529036409392,5.6995063876104634e-5,6.160440458176711,"exp2"
92.74935179558,3.518551419283742e-5,5.954158717252934,"exp2"
92.78763805528335,2.097420106107522e-5,5.730517021628572,"exp2"
92.83121169911884,1.200464089336097e-5,5.486187171474547,"exp2"
92.88149383623778,6.556331263592403e-6,5.2171552210784204,"exp2"
92.94043791467243,3.3943101284493113e-6,4.918525381299958,"exp2"
93.01081584127641,1.654939675442333e-6,4.584271439560992,"exp2"
93.09671193656739,7.558744573278993e-7,4.206939117914074,"exp2"
93.20442250137566,3.229615157210673e-7,3.777358695080345,"exp2"
93.34408351644957,1.3028581004180481e-7,3.284993086207545,"exp2"
93.52883388852439,5.223130574101042e-8,2.730859236532804,"exp2"
93.74345515500417,2.5342589456128442e-8,2.2033955167069648,"exp2"
93.98120648610708,1.6178869511293684e-8,1.7371676286648121,"exp2"
94.24068943559186,1.3871846521229752e-8,1.340154924852814,"exp2"
94.51792790941337,1.5878206837051274e-8,1.0156857149560001,"exp2"
94.8106157905027,2.3622232202335253e-8,0.7579779059793783,"exp2"
95.11590140619174,4.4010535667965646e-8,0.5585796186819535,"exp2"
95.43171859674928,9.871908643246336e-8,0.40732610873425656,"exp2"
95.75607419519116,2.5673524059574024e-7,0.2945055545697695,"exp2"
96.08741757045819,7.493426181780148e-7,0.21145214361374093,"exp2"
96.42434200242676,2.3886509935432235e-6,0.150976345460616,"exp2"
96.76499472544266,8.116642911056882e-6,0.10739616078384334,"exp2"
97.09990506829826,2.8015140868916533e-5,0.07683584011385795,"exp2"
97.35554286946727,7.370440610643059e-5,0.0595054971761973,"exp2"
97.56459526872169,0.00016421265743972007,0.048282413284355674,"exp2"
97.75827251801344,0.0003469932834754742,0.03978489248689478,"exp2"
97.92775744480561,0.0006705068465319923,0.03358803627077441,"exp2"
98.08223242493891,0.001225499895203515,0.028788611103242313,"exp2"
98.22304022080034,0.002127534559577653,0.025018931603221918,"exp2"
98.35410843206418,0.003560198593911445,0.02196156820726859,"exp2"
98.47727855823905,0.005781759650902801,0.01943843586995044,"exp2"
98.5944847454079,0.009179366227456857,0.017318386680242312,"exp2"
98.7069550173645,0.014313541546685331,0.015516400401825215,"exp2"
98.81574005868164,0.022009044365206926,0.013971271862194778,"exp2"
98.92159756566998,0.03346787505212495,0.012640838677684528,"exp2"
99.02514119237286,0.050448178220416105,0.011495511168220332,"exp2"
99.12683972963445,0.07551436337537945,0.010515972490771193,"exp2"
99.22706816006698,0.11240881583333838,0.009691554107772353,"exp2"
99.3261201278071,0.166586894085349,0.009020352161503774,"exp2"
99.42422687529825,0.24599566785868027,0.008510872527123896,"exp2"
99.52155634477279,0.36218191406897965,0.008186416740715893,"exp2"
99.6181751157518,0.5317736712940049,0.008094456272777117,"exp2"
99.7138397605583,0.7778093677568666,0.008325354987564844,"exp2"
99.80728179840956,1.1275324839063088,0.009042095711884583,"exp2"
99.89516460156345,1.5983589473966007,0.010497987981792092,"exp2"
99.97248209477924,2.1717602517208645,0.012976317566563048,"exp2"
100.0,2.421736602020297,0.014323304734174282,"exp2"
